County,State,Violent,Murder_and_nonnegligent_manslaughter,Rape,Robbery,Aggravated_assault,Property_crime,Burglary,Larceny_theft,Motor_vehicle_theft,Arson,Population,h_grad,b_grad,o_occ_r,o_occ_mv,ps_pvt,hh_inc,ca_inc,o_m_cst,gos_ret,ps_pr_hh,lv_sm,tvl_t,in_out_ratio,mob_in_ratio,diabetes_percentage
"Accomack County, Virginia",VA,130.5126415,15.17588855,48.56284335,15.17588855,51.59802106,1150.332352,339.9399035,731.477828,78.91462045,3.03517771,32947,0.822,0.196,0.7,0.7,0.178,42260,24266,1147,771,2.35,0.934,22,0.804407713,0.044313595,12.7
"Albemarle County, Virginia",VA,82.33687008,0.935646251,27.13374128,19.64857127,34.61891128,1189.206385,135.6687064,992.7206722,60.81700631,7.485170007,106878,0.914,0.523,0.636,0.636,0.079,72265,39273,1769,1189,2.44,0.813,21.9,1.29273934,0.120277326,6.2
"Allegany County, Maryland",MD,31.88687093,1.386385692,4.159157077,9.704699847,16.63662831,465.8255927,72.09205601,382.6424511,11.09108554,0,72130,0.895,0.182,0.688,0.688,0.17,42771,22355,1060,672,2.34,0.846,20.9,1.066239316,0.055344517,13.2
"Alleghany County, Virginia",VA,76.94773966,0,19.23693492,6.412311638,51.29849311,442.449503,179.5447259,218.0185957,44.88618147,6.412311638,15595,0.865,0.158,0.761,0.761,0.145,46020,25952,950,653,2.21,0.893,24.6,0.652777778,0.05123437,13.2
"Amelia County, Virginia",VA,139.3944087,15.48826764,46.46480291,15.48826764,61.95307055,968.0167273,216.8357469,673.7396422,77.44133819,0,12913,0.808,0.145,0.836,0.836,0.114,58535,26118,1332,729,2.69,0.906,38,0.393004115,0.044373887,12.1
"Amherst County, Virginia",VA,101.1601808,3.161255651,41.09632346,18.9675339,37.93506781,881.9903266,110.6439478,701.7987545,69.54762432,6.322511301,31633,0.841,0.199,0.769,0.769,0.127,49677,24296,1127,731,2.53,0.884,24.1,1.032148076,0.066987007,12.1
"Anne Arundel County, Maryland",MD,361.2236208,2.463288208,25.16072956,86.5669856,247.0326175,2048.400094,310.9021617,1636.679065,100.8188674,5.806322205,568346,0.92,0.401,0.743,0.743,0.061,94502,43258,2089,1579,2.67,0.862,30.2,0.960957393,0.059762891,8.8
"Appomattox County, Virginia",VA,90.46849758,0,32.31017771,12.92407108,45.23424879,833.6025848,116.3166397,691.4378029,25.84814216,0,15475,0.849,0.206,0.81,0.81,0.119,54875,26347,1077,683,2.59,0.96,31.9,0.336057201,0.021260097,15.6
"Arlington County, Virginia",VA,157.7917844,0.434688111,24.34253423,44.77287546,88.24168659,1413.605738,73.89697892,1265.81178,73.89697892,2.173440556,230050,0.939,0.741,0.445,0.445,0.057,112138,67061,2855,1895,2.21,0.796,28.6,1.092935602,0.132349489,4.6
"Augusta County, Virginia",VA,86.67013347,5.333546675,14.66725336,4.000160006,62.66917343,953.3714682,274.6776538,622.6915743,56.00224009,6.666933344,74997,0.869,0.234,0.791,0.791,0.089,59544,30088,1277,857,2.46,0.881,23.7,0.876043793,0.062949185,14.8
"Baltimore County, Maryland",MD,529.1049859,4.211661248,38.26595076,180.1387682,306.4886057,2809.057719,442.9464301,2117.743609,248.3676804,19.6143081,831026,0.911,0.378,0.658,0.658,0.083,71810,37270,1724,1224,2.58,0.876,29.5,1.118000633,0.055283469,9.4
"Bath County, Virginia",VA,156.3896336,0,0,0,156.3896336,402.1447721,67.02412869,335.1206434,0,0,4476,0.875,0.159,0.739,0.739,0.101,44483,28195,966,478,2.34,0.9,24.5,2.170506912,0.105227882,3.8
"Bedford County, Virginia",VA,51.30836326,1.282709082,14.1097999,5.130836326,30.78501796,613.134941,137.2498717,445.1000513,30.78501796,2.565418163,77960,0.896,0.283,0.814,0.814,0.09,59405,30633,1292,816,2.48,0.882,26.9,1.060827251,0.061518728,12.8
"Bland County, Virginia",VA,15.35390757,0,15.35390757,0,0,736.9875633,107.477353,598.8023952,30.70781514,0,6513,0.882,0.142,0.826,0.826,0.137,46927,23505,960,639,2.24,0.871,32.8,2.789473684,0.113925994,13.4
"Botetourt County, Virginia",VA,108.332581,0,42.12933706,3.009238362,63.1940056,704.1617767,102.3141043,562.7275737,39.1200987,0,33231,0.925,0.283,0.852,0.852,0.064,64733,34733,1423,898,2.48,0.893,28.3,0.740349265,0.04847883,9.7
"Brunswick County, Virginia",VA,98.50397094,0,67.72148002,6.156498184,24.62599274,504.8328511,123.1299637,350.9203965,30.78249092,0,16243,0.787,0.131,0.739,0.739,0.215,40871,20278,1045,693,2.36,0.887,29.2,1.05697446,0.06624392,13
"Buchanan County, Virginia",VA,238.9755614,9.017945712,94.68842998,0,135.2691857,1357.20083,383.2626928,883.7586798,90.17945712,13.52691857,22178,0.716,0.108,0.789,0.789,0.279,30828,19241,946,611,2.4,0.924,27.7,0.532233883,0.032013707,8.3
"Buckingham County, Virginia",VA,105.5842328,0,23.46316283,11.73158142,70.3894885,850.5396527,152.5105584,633.5053965,64.52369779,5.865790709,17048,0.769,0.114,0.753,0.753,0.175,46610,19702,1021,721,2.64,0.893,35.5,0.971585701,0.062177382,14.9
"Calvert County, Maryland",MD,132.6012866,1.095878401,15.34229762,13.15054082,103.0125697,1172.589889,244.3808835,887.6615051,40.54750085,9.862905612,91251,0.938,0.301,0.834,0.834,0.06,100350,41469,2107,1612,2.87,0.885,41.9,0.957821322,0.063210266,9.9
"Campbell County, Virginia",VA,203.8142379,10.91861989,27.29654972,14.55815985,151.0409084,1113.699228,189.256078,871.6698209,52.77332945,0,54952,0.855,0.215,0.75,0.75,0.113,48823,26417,1124,747,2.42,0.89,25.3,0.881280916,0.061599214,9.5
"Caroline County, Maryland",MD,51.75038052,0,6.088280061,3.04414003,42.61796043,608.8280061,203.957382,377.4733638,27.39726027,0,32850,0.833,0.166,0.712,0.712,0.138,52469,25355,1511,924,2.69,0.874,32.1,0.943450942,0.059421613,11
"Caroline County, Virginia",VA,122.6058718,3.313672212,49.70508317,9.941016635,59.64609981,1004.04268,215.3886938,788.6539863,0,3.313672212,30178,0.835,0.192,0.801,0.801,0.096,60925,28039,1400,996,2.57,0.838,35.6,1.458752515,0.096096494,11.8
"Carroll County, Maryland",MD,59.64594169,1.192918834,11.92918834,5.368134752,41.15569977,481.3427494,113.3272892,348.3322995,19.68316076,0,167656,0.922,0.346,0.818,0.818,0.05,90510,39690,2021,1131,2.71,0.916,35.6,0.994887526,0.040624851,8.3
"Carroll County, Virginia",VA,60.95289696,0,16.93136027,3.386272053,40.63526464,1147.946226,287.8331245,717.8896753,142.2234262,13.54508821,29531,0.809,0.145,0.78,0.78,0.168,41145,23690,967,563,2.37,0.91,25.8,0.746612466,0.037316718,15.9
"Cecil County, Maryland",MD,87.71673343,1.949260743,9.746303714,15.59408594,60.42708303,603.2961999,174.4588365,384.9789967,43.85836671,0.974630371,102603,0.888,0.23,0.731,0.731,0.097,70516,32542,1742,1071,2.72,0.896,29.3,0.838152327,0.046333928,9.9
"Charles City County, Virginia",VA,42.42681375,0,0,0,42.42681375,410.1258662,155.5649837,212.1340687,42.42681375,14.14227125,7071,0.781,0.128,0.833,0.833,0.12,55069,32689,1256,885,2.42,0.929,32.7,0.64978903,0.043558195,13.9
"Charles County, Maryland",MD,334.1682255,3.804571827,24.09562157,79.89600837,226.3720237,1461.589677,218.1287848,1143.273834,100.1870581,19.65695444,157705,0.927,0.285,0.773,0.773,0.075,93973,38890,2132,1618,2.79,0.894,43.9,0.834017009,0.052858185,10.8
"Charlotte County, Virginia",VA,214.3622722,8.244702778,32.97881111,8.244702778,164.8940556,882.1831973,214.3622722,601.8633028,65.95762223,0,12129,0.814,0.119,0.712,0.712,0.174,38350,19830,1078,600,2.67,0.915,31.4,0.809160305,0.03495754,9.3
"Chesterfield County, Virginia",VA,138.3444097,2.654796775,27.72787743,57.22561938,50.73611615,1930.922188,323.2952517,1503.20493,104.4220065,16.22375807,339009,0.919,0.384,0.753,0.753,0.067,76969,35370,1537,1180,2.74,0.872,26.4,1.154692491,0.067178158,9.2
"Clarke County, Virginia",VA,76.52706275,6.957005705,20.87101711,0,48.69903993,647.0015305,180.8821483,431.3343537,34.78502852,0,14374,0.869,0.315,0.75,0.75,0.067,72129,38658,1842,1031,2.54,0.905,35.6,0.910333049,0.074161681,10.4
"Craig County, Virginia",VA,38.77471888,0,19.38735944,0,19.38735944,445.9092672,77.54943777,348.9724699,19.38735944,0,5158,0.906,0.192,0.74,0.74,0.117,53526,26753,1304,527,2.18,0.891,37.6,1.605095541,0.048856146,8.3
"Culpeper County, Virginia",VA,53.91050856,0,3.993371004,13.97679851,35.94033904,325.4597368,51.91382305,243.5956313,29.95028253,3.993371004,50083,0.849,0.234,0.729,0.729,0.099,69693,29979,1748,1092,2.87,0.878,39.7,0.891349277,0.060279935,8.8
"Cumberland County, Virginia",VA,196.8503937,0,51.80273518,0,145.0476585,486.9457107,165.7687526,279.73477,41.44218815,20.72109407,9652,0.815,0.167,0.723,0.723,0.153,43020,23488,1221,818,2.46,0.95,40.7,0.747514911,0.038955657,13.2
"Dickenson County, Virginia",VA,173.7039017,0,106.8947087,0,66.80919294,714.8583645,160.3420631,507.7498664,46.76643506,0,14968,0.745,0.093,0.76,0.76,0.25,29916,21082,895,569,2.42,0.945,29.6,0.710144928,0.032736505,10.1
"Dinwiddie County, Virginia",VA,198.9766913,0,14.21262081,24.87208641,159.8919841,1076.606026,202.5298465,763.9283684,110.1478113,0,28144,0.826,0.166,0.771,0.771,0.101,54640,25981,1306,945,2.64,0.871,29.2,0.7018723,0.051947129,13.6
"Dorchester County, Maryland",MD,31.000062,3.1000062,0,3.1000062,24.8000496,629.3012586,170.500341,409.2008184,49.6000992,0,32258,0.853,0.201,0.658,0.658,0.157,50532,28911,1375,869,2.46,0.873,26.3,0.745581146,0.043152086,16
"Essex County, Virginia",VA,44.95190147,0,8.990380293,0,35.96152117,566.3939585,296.6825497,233.7498876,35.96152117,8.990380293,11123,0.826,0.189,0.705,0.705,0.136,50629,25730,1227,864,2.44,0.887,35,1.009380863,0.048368246,11.8
"Fairfax County, Virginia",VA,92.38994882,1.756462905,15.19340413,40.48646997,34.95361181,1274.401661,72.19062541,1130.810818,71.4002171,2.634694358,1138652,0.92,0.607,0.678,0.678,0.067,117515,52976,2568,1823,2.88,0.852,32.1,1.057672405,0.07808268,5.9
"Fauquier County, Virginia",VA,55.01744632,0,11.58262028,2.89565507,40.53917097,628.3571501,76.73485934,508.1874647,43.43482604,1.447827535,69069,0.914,0.353,0.784,0.784,0.057,94775,43067,2135,1229,2.84,0.901,39.8,0.996247655,0.061503714,7.5
"Floyd County, Virginia",VA,139.8512491,0,69.92562456,0,69.92562456,673.8287458,203.4199987,432.2674973,38.14124976,0,15731,0.843,0.194,0.808,0.808,0.124,48396,25446,1070,611,2.41,0.935,31.6,1.214521452,0.0467866,7.6
"Fluvanna County, Virginia",VA,114.1943588,0,11.41943588,11.41943588,91.35548704,700.3920673,121.8073161,532.9070077,45.67774352,15.22591451,26271,0.917,0.323,0.808,0.808,0.067,67964,31952,1537,1252,2.54,0.88,33.4,1.284791544,0.083285752,14.4
"Franklin County, Virginia",VA,131.9802386,0,30.31978455,7.134066953,94.52638713,906.0265031,156.949473,677.7363606,71.34066953,7.134066953,56069,0.862,0.207,0.793,0.793,0.133,51208,27282,1181,660,2.36,0.88,30.2,1.293856403,0.062351745,11.8
"Frederick County, Maryland",MD,74.72000194,0.403891902,5.250594731,12.11675707,56.94875823,599.779475,101.3768675,476.5924448,21.81016273,0,247591,0.926,0.405,0.748,0.748,0.067,88502,39566,1982,1338,2.68,0.882,35,0.911756608,0.053499521,8
"Frederick County, Virginia",VA,80.54867865,2.369078784,39.08979993,9.476315135,29.6134848,1190.462089,190.7108421,926.3098044,73.4414423,2.369078784,84421,0.882,0.277,0.775,0.775,0.067,71037,32554,1547,1121,2.71,0.883,31.1,0.83667263,0.055400907,10.5
"Garrett County, Maryland",MD,152.931181,0,3.398470688,0,149.5327103,812.2344945,156.3296517,635.5140187,20.39082413,3.398470688,29425,0.891,0.196,0.775,0.775,0.118,48174,26303,1191,646,2.43,0.915,24.2,1.546184739,0.039252336,10.4
"Giles County, Virginia",VA,53.39028297,0,5.932253663,0,47.45802931,427.1222637,94.91605861,314.4094441,17.79676099,5.932253663,16857,0.87,0.17,0.748,0.748,0.114,49734,25004,1002,683,2.36,0.881,24.9,0.481125601,0.041585098,16.6
"Gloucester County, Virginia",VA,99.4249476,2.687160746,34.9330897,16.12296448,45.68173268,1346.267534,163.9168055,1082.925781,99.4249476,10.74864298,37214,0.898,0.228,0.772,0.772,0.098,63881,32271,1442,923,2.49,0.914,32.9,0.854758683,0.050921696,10.3
"Goochland County, Virginia",VA,79.4070937,0,4.411505206,0,74.99558849,745.5443797,92.64160932,608.7877184,44.11505206,4.411505206,22668,0.913,0.389,0.87,0.87,0.061,86652,47610,1749,1096,2.54,0.89,31.1,0.767936227,0.0764955,7.3
"Grayson County, Virginia",VA,112.5306149,13.23889588,39.71668763,6.619447938,52.9555835,1019.394982,139.0084067,807.5726484,72.81392732,6.619447938,15107,0.811,0.128,0.787,0.787,0.191,32048,20525,879,513,2.25,0.901,27.8,0.662935323,0.035281658,8
"Greene County, Virginia",VA,113.5718342,0,10.3247122,41.29884879,61.94827319,929.2240979,87.76005369,805.3275515,36.1364927,10.3247122,19371,0.846,0.267,0.806,0.806,0.083,62952,30215,1532,957,2.63,0.923,31.2,0.781636257,0.068556089,5.6
"Greensville County, Virginia",VA,76.88364941,0,17.08525542,42.71313856,17.08525542,837.1775158,222.1083205,546.7281736,68.3410217,8.542627712,11706,0.753,0.075,0.755,0.755,0.239,42121,16835,1024,769,2.33,0.798,22.9,1.66395664,0.157355202,12.6
"Halifax County, Virginia",VA,105.7384545,2.857796068,31.43575674,8.573388203,62.87151349,843.04984,291.4951989,480.1097394,71.44490169,8.573388203,34992,0.797,0.159,0.726,0.726,0.179,39233,21155,985,595,2.43,0.933,25.3,0.949685535,0.034522176,17.3
"Hanover County, Virginia",VA,93.87692543,3.831711242,19.15855621,9.579278106,61.30737988,1007.740057,66.09701893,882.2515135,59.39152425,8.621350295,104392,0.929,0.379,0.813,0.813,0.054,84955,37924,1723,1113,2.65,0.894,26.1,1.127099949,0.063625565,10.5
"Harford County, Maryland",MD,152.9685458,2.390133529,9.560534115,32.26680264,108.7510756,968.0040792,180.4550814,762.8509513,24.69804646,0,251032,0.929,0.352,0.786,0.786,0.071,83445,37972,1812,1197,2.67,0.893,32.1,1.088465751,0.051463558,9.4
"Henrico County, Virginia",VA,185.604332,4.900444409,11.94483325,62.17438844,106.5846659,2472.274204,351.3006086,1972.122597,148.8509989,6.738111062,326501,0.912,0.421,0.629,0.629,0.095,66447,36497,1541,1095,2.55,0.845,22.3,1.241053854,0.075310642,8.5
"Henry County, Virginia",VA,221.5958791,5.831470502,40.82029352,56.37088152,118.5732336,2530.858198,526.7761687,1858.295267,145.7867626,29.15735251,51445,0.798,0.128,0.732,0.732,0.162,36779,21473,916,586,2.31,0.893,23.6,1.32833106,0.056779084,17.5
"Highland County, Virginia",VA,180.5054152,0,0,0,180.5054152,1083.032491,270.7581227,767.1480144,45.12635379,0,2216,0.845,0.25,0.855,0.855,0.125,45094,32648,1104,555,1.9,0.973,22.5,4.064516129,0.056859206,11.2
"Howard County, Maryland",MD,224.4407108,1.891354304,20.80489735,63.36036919,138.3840899,1740.676411,264.7896026,1380.373416,95.51339236,0.945677152,317233,0.953,0.612,0.737,0.737,0.059,115576,51045,2476,1661,2.79,0.876,30.9,1.003102048,0.069314983,8
"Isle of Wight County, Virginia",VA,84.70871133,0,16.39523445,8.197617226,60.11585966,819.7617226,172.1499617,609.3562138,38.25554705,16.39523445,36596,0.876,0.269,0.773,0.773,0.085,67767,33172,1701,1018,2.53,0.895,29.2,0.875774135,0.065690239,
"James City County, Virginia",VA,120.9612386,1.344013763,22.84823397,16.12816515,80.64082576,1536.207731,165.3136928,1337.293694,33.60034407,2.688027525,74404,0.943,0.479,0.743,0.743,0.068,80772,42047,1752,1202,2.53,0.848,25,1.290005461,0.095236815,7.4
"Kent County, Maryland",MD,40.54738976,0,5.06842372,15.20527116,20.27369488,658.8950836,268.6264572,380.131779,10.13684744,0,19730,0.873,0.332,0.701,0.701,0.128,56638,32217,1641,938,2.37,0.86,26.7,1.061488673,0.083122149,8.6
"King George County, Virginia",VA,96.21305419,0,38.48522167,7.697044335,50.03078818,1012.16133,103.9100985,846.6748768,61.57635468,0,25984,0.938,0.342,0.756,0.756,0.068,84770,35676,1894,1178,2.83,0.854,37.1,0.993803253,0.098753079,12.4
"King William County, Virginia",VA,67.34419003,6.122199094,6.122199094,6.122199094,48.97759275,483.6537284,55.09979185,416.3095384,12.24439819,0,16334,0.896,0.19,0.861,0.861,0.068,67423,31192,1434,1094,2.68,0.921,37.4,1.339977852,0.074078609,13.7
"King and Queen County, Virginia",VA,251.4317642,13.96843135,41.90529404,27.93686269,167.6211761,698.4215673,265.4001956,377.1476463,55.87372538,0,7159,0.855,0.189,0.787,0.787,0.123,51495,25831,1191,845,2.51,0.944,34.6,1.008333333,0.050705406,
"Lancaster County, Virginia",VA,118.4834123,0,72.91286912,0,45.5705432,984.3237331,246.0809333,665.3299307,72.91286912,18.22821728,10972,0.901,0.319,0.732,0.732,0.129,51495,33997,1445,817,2.11,0.887,26.7,0.668362157,0.059879694,9
"Lee County, Virginia",VA,62.0373051,0,20.6791017,0,41.3582034,1220.067,74.44476612,1141.486414,4.13582034,8.27164068,24179,0.746,0.111,0.719,0.719,0.282,32590,18514,898,530,2.47,0.879,29.8,1,0.04627983,14.7
"Loudoun County, Virginia",VA,87.05903691,0.518208553,29.53788752,11.91879672,45.08414411,685.8490199,50.7844382,599.8264001,35.23818161,8.550441125,385945,0.935,0.598,0.779,0.779,0.03,129588,50456,2664,1764,3.07,0.865,33.7,1.188382001,0.069385534,6.6
"Louisa County, Virginia",VA,161.7663753,5.676013168,31.21807243,11.35202634,113.5202634,1007.492337,110.6822568,831.5359292,65.27415144,5.676013168,35236,0.846,0.232,0.797,0.797,0.108,56946,30237,1424,932,2.58,0.874,36.3,1.191054666,0.061215802,11.5
"Lunenburg County, Virginia",VA,40.73983541,0,16.29593416,0,24.44390125,439.9902224,130.3674733,268.8829137,40.73983541,8.147967082,12273,0.763,0.106,0.72,0.72,0.205,39537,18555,987,676,2.55,0.94,29.1,1.059259259,0.046606372,7.4
"Madison County, Virginia",VA,84.11072029,0,22.93928735,7.646429118,53.52500382,756.9964826,61.17143294,634.6536168,61.17143294,0,13078,0.87,0.269,0.734,0.734,0.113,52287,29705,1524,742,2.52,0.867,30.5,0.773488711,0.081205077,9.7
"Mathews County, Virginia",VA,45.54771123,11.38692781,0,0,34.16078342,831.2457299,273.2862674,523.7986791,34.16078342,0,8782,0.914,0.269,0.862,0.862,0.097,63622,35252,1204,924,2.32,0.886,32.5,0.643661972,0.05203826,4.1
"Mecklenburg County, Virginia",VA,103.5866891,6.474168069,35.60792438,12.94833614,48.55626052,708.9214036,271.9150589,394.9242522,42.08209245,3.237084035,30892,0.816,0.182,0.722,0.722,0.175,41126,22970,1025,690,2.54,0.925,24.7,0.840764331,0.042729509,15.7
"Middlesex County, Virginia",VA,120.6160698,0,74.22527371,9.278159213,37.11263685,1150.491742,213.3976619,844.3124884,92.78159213,18.55631843,10778,0.881,0.221,0.809,0.809,0.136,50483,29871,1564,793,2.28,0.899,31,1.02349486,0.06466877,6.4
"Montgomery County, Maryland",MD,167.5507227,1.341172165,31.70914191,63.13088978,71.3695188,1443.292846,177.7053119,1185.404598,80.18293588,5.939476732,1043863,0.911,0.583,0.656,0.656,0.07,103178,51162,2460,1693,2.79,0.854,34.7,1.199465165,0.064883035,7
"Montgomery County, Virginia",VA,45.63801951,1.014178211,13.18431675,2.028356423,29.41116813,307.2959981,63.89322732,215.0057808,28.39698992,2.028356423,98602,0.92,0.463,0.549,0.549,0.23,53424,28277,1400,936,2.49,0.738,18.7,1.688818193,0.145362163,8.1
"Nelson County, Virginia",VA,161.4096442,6.725401843,47.0778129,6.725401843,100.8810276,1062.613491,201.7620553,800.3228193,60.52861658,20.17620553,14869,0.857,0.308,0.718,0.718,0.132,53834,33597,1366,688,2.26,0.918,31.2,1.20355412,0.050104244,4
"New Kent County, Virginia",VA,61.47444082,0,28.37281884,0,33.10162198,1253.132832,212.7961413,983.5910531,56.74563768,9.45760628,21147,0.926,0.269,0.818,0.818,0.055,78429,36768,1621,882,2.64,0.863,33.4,1.979824561,0.106729087,7.5
"Northampton County, Virginia",VA,65.90328693,24.7137326,0,16.47582173,24.7137326,733.1740671,255.3752368,444.8471868,32.95164346,0,12139,0.811,0.232,0.646,0.646,0.186,41468,24835,1200,713,2.26,0.939,20.3,0.521518987,0.033940193,11.4
"Northumberland County, Virginia",VA,180.0032728,0,49.09180167,16.36393389,114.5475372,826.3786614,278.1868761,523.6458845,24.54590083,8.181966945,12222,0.907,0.264,0.852,0.852,0.144,56677,33364,1427,754,2.12,0.905,27.5,2.402135231,0.055228277,7.9
"Nottoway County, Virginia",VA,38.47386983,12.82462328,6.412311638,0,19.23693492,429.6248798,76.94773966,327.0278936,25.64924655,6.412311638,15595,0.766,0.137,0.589,0.589,0.221,38410,19452,1129,780,2.44,0.884,25.4,0.992547425,0.093940366,20.6
"Orange County, Virginia",VA,59.09999156,0,16.88571187,5.628570624,36.58570906,590.9999156,121.0142684,439.0285087,30.95713843,0,35533,0.886,0.256,0.773,0.773,0.091,67196,30660,1522,918,2.58,0.876,39.3,1.011346999,0.077758703,12.2
"Page County, Virginia",VA,109.9179843,21.1380739,46.50376258,4.22761478,38.04853302,634.142217,164.8769764,426.9890928,42.2761478,21.1380739,23654,0.81,0.132,0.689,0.689,0.154,46140,24057,1156,734,2.48,0.866,33.8,0.702362205,0.037710324,19.9
"Patrick County, Virginia",VA,184.1209619,5.579423088,50.21480779,33.47653853,94.85019249,1272.108464,189.700385,987.5578865,94.85019249,11.15884618,17923,0.787,0.143,0.77,0.77,0.145,37757,21785,1014,544,2.29,0.858,28,1.669281046,0.071249233,13.5
"Pittsylvania County, Virginia",VA,74.57000665,3.242174202,27.55848072,3.242174202,40.52717753,594.9389661,189.6671908,372.8500332,32.42174202,19.45304521,61687,0.824,0.141,0.752,0.752,0.126,44356,23597,991,667,2.28,0.894,25.1,1.103677758,0.051080455,9.9
"Powhatan County, Virginia",VA,63.28446366,3.515803537,24.61062476,7.031607074,28.1264283,738.3187427,108.9899096,562.5285659,66.8002672,7.031607074,28443,0.908,0.284,0.898,0.898,0.054,80441,33807,1552,983,2.58,0.896,31.8,1.293030623,0.086102029,15.4
"Prince Edward County, Virginia",VA,51.85377236,0,17.28459079,4.321147697,30.24803388,375.9398496,90.74410163,263.5900095,21.60573848,4.321147697,23142,0.826,0.249,0.649,0.649,0.234,44147,19751,1176,764,2.52,0.871,21.4,1.080417992,0.102756892,13.5
"Prince George County, Virginia",VA,105.6942793,0,18.49649888,34.35064077,52.84713965,1006.73801,179.6802748,771.5682389,55.48949663,2.642356982,37845,0.896,0.23,0.682,0.682,0.107,68461,27970,1423,1295,2.98,0.824,25.7,1.145676275,0.136530585,11.5
"Prince George's County, Maryland",MD,1.101262157,0,0,0,1.101262157,0.110126216,0,0.110126216,0,0,908049,0.861,0.319,0.618,0.618,0.086,78607,34391,1990,1385,2.89,0.853,36.9,1.155691838,0.061636542,
"Prince William County, Virginia",VA,185.1892533,4.83293425,18.23334285,50.5261308,111.5968454,1133.323082,120.6036774,940.2253905,72.49401375,2.196788296,455210,0.888,0.398,0.725,0.725,0.061,101059,38225,2217,1620,3.21,0.854,39.1,0.99478173,0.077893719,9.2
"Pulaski County, Virginia",VA,140.3385668,5.847440283,17.54232085,8.771160425,108.1776452,1774.698126,233.8976113,1508.639593,32.16092156,11.69488057,34203,0.854,0.185,0.728,0.728,0.148,49691,26328,1052,641,2.28,0.867,22.8,1.037231253,0.057831184,11.8
"Queen Anne's County, Maryland",MD,147.1519957,0,12.26266631,22.48155491,112.4077745,964.6630832,216.6404382,725.5410902,22.48155491,8.175110875,48929,0.919,0.353,0.811,0.811,0.077,89241,40553,2102,1325,2.7,0.878,36.2,1.407996894,0.074127818,
"Rappahannock County, Virginia",VA,13.53546291,0,13.53546291,0,0,365.4574986,121.8191662,243.6383324,0,0,7388,0.886,0.336,0.752,0.752,0.089,62541,38185,1874,1056,2.34,0.928,37.9,0.87434555,0.045208446,6.5
"Richmond County, Virginia",VA,102.5757921,0,11.39731023,0,91.17848188,490.0843401,136.7677228,296.3300661,56.98655117,0,8774,0.805,0.134,0.719,0.719,0.184,47341,19728,1129,816,2.2,0.873,24.7,1.568296796,0.105994985,13.4
"Roanoke County, Virginia",VA,177.6010039,1.063479065,26.58697664,12.76174878,137.1887994,1242.143548,179.7279621,1018.812945,43.60264168,1.063479065,94031,0.921,0.347,0.748,0.748,0.073,62134,33717,1314,907,2.37,0.873,22.4,1.104847349,0.087747658,9.1
"Rockbridge County, Virginia",VA,102.7152554,0,26.79528403,0,75.91997142,1058.413719,200.9646302,790.4608789,66.98821008,8.931761343,22392,0.857,0.258,0.769,0.769,0.126,53918,31534,1267,742,2.43,0.881,23.5,0.953715776,0.065335834,10
"Rockingham County, Virginia",VA,87.78089888,1.254012841,33.85834671,6.270064205,46.39847512,453.9526485,145.4654896,299.709069,8.778089888,6.270064205,79744,0.825,0.248,0.733,0.733,0.084,57651,28884,1307,848,2.52,0.88,21.7,0.74740615,0.049683989,8.5
"Russell County, Virginia",VA,127.8772379,3.653635367,43.84362441,3.653635367,76.72634271,719.7661673,281.3299233,398.246255,40.18998904,14.61454147,27370,0.788,0.136,0.779,0.779,0.202,40083,21673,954,544,2.45,0.917,28.1,0.951538462,0.045195469,16.6
"Scott County, Virginia",VA,72.95941632,4.55996352,31.91974464,0,36.47970816,807.1135431,150.4787962,574.5554036,82.07934337,9.119927041,21930,0.799,0.133,0.772,0.772,0.176,38725,20969,894,529,2.4,0.884,28.2,0.991651206,0.04874601,14.3
"Shenandoah County, Virginia",VA,94.96236248,2.316155182,37.05848292,0,55.58772438,530.3995368,141.2854661,377.5332947,11.58077591,2.316155182,43175,0.86,0.192,0.697,0.697,0.095,53934,27016,1341,831,2.46,0.838,31,2.068985177,0.084053272,13
"Smyth County, Virginia",VA,96.58103149,3.219367716,28.97430945,3.219367716,61.16798661,833.8162385,183.5039598,605.2411306,45.07114803,16.09683858,31062,0.83,0.145,0.703,0.703,0.177,40544,22319,912,598,2.39,0.895,22,0.901464714,0.043590239,12.8
"Somerset County, Maryland",MD,92.56402345,0,7.713668621,3.85683431,80.99352052,200.5553841,57.85251466,134.9892009,7.713668621,0,25928,0.818,0.144,0.646,0.646,0.247,39239,18395,1232,673,2.36,0.825,24.9,2.027011157,0.13313792,12.3
"Southampton County, Virginia",VA,127.3744254,22.15207399,33.22811098,22.15207399,49.84216647,947.001163,265.8248879,614.7200532,66.45622196,27.69009248,18057,0.83,0.19,0.716,0.716,0.147,53681,25784,1251,724,2.49,0.887,31,0.669496665,0.061139724,13.8
"Spotsylvania County, Virginia",VA,171.9566699,2.272555109,26.51314294,40.90599197,102.2649799,1282.4786,146.2010454,1072.646012,63.63154306,0.75751837,132010,0.899,0.304,0.774,0.774,0.069,81434,33859,1711,1400,3,0.877,38.2,1.121800731,0.074373154,10.3
"St. Mary's County, Maryland",MD,179.4168066,1.776404025,18.65224227,24.86965635,134.1185039,1611.198451,335.7403608,1218.613161,56.84492881,1.776404025,112587,0.897,0.304,0.719,0.719,0.085,86508,37528,1931,1288,2.75,0.862,30.9,1.34906588,0.07311679,
"Stafford County, Virginia",VA,213.3540222,3.463539322,31.86456176,25.63019098,152.3957301,1256.572066,114.2967976,1088.936763,53.33850555,8.312494372,144361,0.937,0.387,0.758,0.758,0.046,103005,39158,2136,1481,3.04,0.837,40.9,1.321106719,0.115765338,7.3
"Surry County, Virginia",VA,244.4987775,0,15.28117359,30.56234719,198.6552567,779.3398533,275.0611247,443.1540342,61.12469438,0,6544,0.839,0.191,0.761,0.761,0.128,54656,27162,1258,920,2.41,0.93,39.3,0.43772242,0.037591687,11.8
"Sussex County, Virginia",VA,78.23365786,0,8.692628651,17.3852573,52.15577191,669.3324061,165.1599444,478.0945758,26.07788595,8.692628651,11504,0.733,0.117,0.707,0.707,0.224,44608,15882,1163,837,2.05,0.776,33.7,1.666063348,0.160031293,9.8
"Talbot County, Maryland",MD,59.01604163,0,29.50802082,0,29.50802082,469.4457857,147.5401041,319.2231343,2.682547347,2.682547347,37278,0.895,0.374,0.703,0.703,0.091,65595,44785,1758,1084,2.25,0.878,26.6,1.228001945,0.067761146,8.8
"Tazewell County, Virginia",VA,99.64412811,2.372479241,40.33214709,4.744958482,52.1945433,894.4246738,180.3084223,671.4116251,42.70462633,18.97983393,42150,0.797,0.152,0.768,0.768,0.181,40309,24325,990,622,2.38,0.896,23.9,0.939167057,0.047615658,11.9
"Warren County, Virginia",VA,51.07904482,0,28.09347465,0,22.98557017,564.4234453,61.29485379,457.1574512,45.97114034,2.553952241,39155,0.861,0.209,0.767,0.767,0.093,65353,30009,1463,940,2.69,0.884,40.7,1.17913292,0.063210318,13.7
"Washington County, Maryland",MD,128.4166822,0,4.657599872,23.28799936,100.471083,1145.104197,276.7945067,799.1110638,69.19862667,2.661485641,150292,0.87,0.215,0.645,0.645,0.133,58260,28742,1513,889,2.51,0.857,29.3,1.108730851,0.059231363,12
"Washington County, Virginia",VA,123.584314,1.844542,27.66813,5.533626001,88.53801601,1322.536614,272.992216,957.3172981,92.22710001,3.689084,54214,0.846,0.234,0.756,0.756,0.139,44844,25640,1042,644,2.36,0.87,24,1.253369272,0.077194083,15.6
"Westmoreland County, Virginia",VA,56.84402001,0,0,0,56.84402001,613.9154161,153.478854,449.0677581,11.368804,0,17592,0.864,0.211,0.768,0.768,0.155,55688,32265,1455,961,2.36,0.886,41.5,1.111584327,0.074181446,13.8
"Wicomico County, Maryland",MD,102.362128,0.974877409,5.849264455,23.39705782,72.14092828,627.8210515,167.6789144,430.8958149,29.24632227,1.949754818,102577,0.886,0.278,0.607,0.607,0.15,54493,27755,1370,1042,2.62,0.809,21.2,1.416230808,0.08183121,10.6
"Wise County, Virginia",VA,122.3615785,2.549199551,86.67278475,0,33.13959417,723.9726726,127.4599776,550.6271031,45.88559192,10.19679821,39228,0.756,0.139,0.692,0.692,0.233,38255,21694,965,634,2.42,0.877,22.4,0.620963173,0.055878454,16
"Worcester County, Maryland",MD,25.27019672,3.887722572,3.887722572,9.71930643,7.775445144,484.0214602,122.463261,346.0073089,15.55089029,0,51444,0.901,0.301,0.744,0.744,0.099,59458,34425,1624,994,2.4,0.874,24.3,0.875815288,0.065255423,9.3
"Wythe County, Virginia",VA,55.14199063,0,10.33912324,3.446374414,41.35649297,513.5097877,75.82023711,368.7620623,68.92748828,0,29016,0.834,0.183,0.76,0.76,0.138,46119,24879,1036,635,2.42,0.916,23.4,0.929674099,0.037358699,10.6
"York County, Virginia",VA,180.9462163,5.884429799,50.01765329,50.01765329,75.02647993,1866.835354,183.8884312,1618.218195,64.72872779,10.29775215,67976,0.941,0.436,0.721,0.721,0.05,86781,38193,1858,1458,2.72,0.833,21.9,1.132603752,0.117232553,7.6
