,Violent,Murder_and_nonnegligent_manslaughter,Rape,Robbery,Aggravated_assault,Property_crime,Burglary,Larceny_theft,Motor_vehicle_theft,Arson,Population,h_grad,b_grad,o_occ_r,o_occ_mv,ps_pvt,hh_inc,ca_inc,o_m_cst,gos_ret,ps_pr_hh,lv_sm,tvl_t,in_out_ratio,mob_in_ratio,diabetes_percentage
"Accomack County, Virginia",130.51264151516068,15.1758885482745,48.562843354478396,15.1758885482745,51.5980210641333,1150.3323519592072,339.9399034813488,731.4778280268309,78.9146204510274,3.0351777096548997,32947.0,0.8220000000000001,0.196,0.7,0.7,0.17800000000000002,42260.0,24266.0,1147.0,771.0,2.35,0.934,22.0,0.8044077134986226,0.044313594560961546,12.7
"Albemarle County, Virginia",82.33687007616159,0.9356462508654728,27.13374127509871,19.64857126817493,34.61891128202249,1189.206384850016,135.66870637549354,992.7206721682666,60.81700630625574,7.4851700069237825,106878.0,0.914,0.523,0.636,0.636,0.079,72265.0,39273.0,1769.0,1189.0,2.44,0.813,21.9,1.292739340305712,0.12027732554875653,6.2
"Allegany County, Maryland",31.886870927492033,1.3863856924996534,4.1591570774989615,9.704699847497574,16.636628309995842,465.82559267988364,72.09205600998196,382.6424511299043,11.091085539997227,0.0,72130.0,0.895,0.182,0.688,0.688,0.17,42771.0,22355.0,1060.0,672.0,2.34,0.846,20.9,1.0662393162393162,0.05534451684458616,13.2
"Alleghany County, Virginia",76.94773966014749,0.0,19.236934915036873,6.412311638345624,51.298493106764994,442.449503045848,179.5447258736775,218.01859570375117,44.88618146841937,6.412311638345624,15595.0,0.865,0.158,0.7609999999999999,0.7609999999999999,0.145,46020.0,25952.0,950.0,653.0,2.21,0.893,24.6,0.6527777777777778,0.051234369990381536,13.2
"Amelia County, Virginia",139.39440873538294,15.488267637264773,46.46480291179432,15.488267637264773,61.95307054905909,968.0167273290483,216.8357469217068,673.7396422210178,77.44133818632386,0.0,12913.0,0.8079999999999999,0.145,0.836,0.836,0.114,58535.0,26118.0,1332.0,729.0,2.69,0.906,38.0,0.39300411522633744,0.044373886780763566,12.1
"Amherst County, Virginia",101.16018082382324,3.1612556507444762,41.09632345967819,18.96753390446685,37.93506780893371,881.9903265577087,110.64394777605663,701.7987544652736,69.54762431637847,6.3225113014889525,31633.0,0.841,0.199,0.769,0.769,0.127,49677.0,24296.0,1127.0,731.0,2.53,0.884,24.1,1.0321480759863615,0.06698700723927542,12.1
"Anne Arundel County, Maryland",361.22362082252715,2.4632882082393475,25.16072955558761,86.56698560383991,247.03261745486026,2048.4000943087485,310.9021617113519,1636.6790652173147,100.81886738008184,5.806322205135603,568346.0,0.92,0.401,0.743,0.743,0.061,94502.0,43258.0,2089.0,1579.0,2.67,0.862,30.2,0.9609573926328298,0.05976289091504119,8.8
"Appomattox County, Virginia",90.46849757673668,0.0,32.310177705977395,12.924071082390952,45.23424878836834,833.6025848142165,116.3166397415186,691.437802907916,25.848142164781905,0.0,15475.0,0.8490000000000001,0.206,0.81,0.81,0.119,54875.0,26347.0,1077.0,683.0,2.59,0.96,31.9,0.33605720122574056,0.02126009693053312,15.6
"Arlington County, Virginia",157.7917843946968,0.4346881112801565,24.342534231688767,44.77287546185614,88.24168658987178,1413.6057378830687,73.8969789176266,1265.8117800478158,73.8969789176266,2.1734405564007826,230050.0,0.939,0.741,0.445,0.445,0.057,112138.0,67061.0,2855.0,1895.0,2.21,0.7959999999999999,28.6,1.0929356019814775,0.13234948924146925,4.6
"Augusta County, Virginia",86.67013347200555,5.333546675200341,14.66725335680094,4.0001600064002565,62.66917343360401,953.3714681920613,274.6776537728176,622.6915743296399,56.002240089603575,6.6669333440004275,74997.0,0.8690000000000001,0.234,0.7909999999999999,0.7909999999999999,0.08900000000000001,59544.0,30088.0,1277.0,857.0,2.46,0.8809999999999999,23.7,0.8760437929114864,0.06294918463405202,14.8
"Baltimore County, Maryland",529.1049858849182,4.211661247662528,38.26595076447668,180.13876822145156,306.48860565132736,2809.057719012402,442.94643007559336,2117.743608503224,248.36768043358452,19.61430809625692,831026.0,0.911,0.378,0.6579999999999999,0.6579999999999999,0.083,71810.0,37270.0,1724.0,1224.0,2.58,0.8759999999999999,29.5,1.1180006327111671,0.05528346886860338,9.4
"Bath County, Virginia",156.3896336014299,0.0,0.0,0.0,156.3896336014299,402.1447721179625,67.02412868632706,335.12064343163536,0.0,0.0,4476.0,0.875,0.159,0.7390000000000001,0.7390000000000001,0.101,44483.0,28195.0,966.0,478.0,2.34,0.9,24.5,2.1705069124423964,0.10522788203753353,3.8
"Bedford County, Virginia",51.3083632632119,1.2827090815802975,14.109799897383276,5.130836326321191,30.785017957927145,613.1349409953822,137.24987172909184,445.10005130836333,30.785017957927145,2.5654181631605955,77960.0,0.8959999999999999,0.28300000000000003,0.8140000000000001,0.8140000000000001,0.09,59405.0,30633.0,1292.0,816.0,2.48,0.882,26.9,1.0608272506082723,0.06151872755259107,12.8
"Bland County, Virginia",15.353907569476434,0.0,15.353907569476434,0.0,0.0,736.9875633348688,107.477352986335,598.8023952095807,30.707815138952867,0.0,6513.0,0.882,0.142,0.826,0.826,0.13699999999999998,46927.0,23505.0,960.0,639.0,2.24,0.871,32.8,2.7894736842105257,0.11392599416551512,13.4
"Botetourt County, Virginia",108.33258102374286,0.0,42.1293370647889,3.0092383617706364,63.19400559718335,704.1617766543287,102.31410430020162,562.727573651109,39.120098703018265,0.0,33231.0,0.925,0.28300000000000003,0.852,0.852,0.064,64733.0,34733.0,1423.0,898.0,2.48,0.893,28.3,0.7403492647058824,0.04847883000812495,9.7
"Brunswick County, Virginia",98.50397094132856,0.0,67.72148002216339,6.156498183833037,24.625992735332147,504.8328510743089,123.12996367666071,350.92039647848304,30.782490919165177,0.0,16243.0,0.787,0.131,0.7390000000000001,0.7390000000000001,0.215,40871.0,20278.0,1045.0,693.0,2.36,0.887,29.2,1.0569744597249509,0.06624392045804346,13.0
"Buchanan County, Virginia",238.97556136712055,9.017945711966815,94.68842997565154,0.0,135.26918567950221,1357.2008296510055,383.26269275858965,883.7586797727478,90.17945711966811,13.526918567950222,22178.0,0.716,0.108,0.789,0.789,0.279,30828.0,19241.0,946.0,611.0,2.4,0.924,27.7,0.5322338830584707,0.032013707277482185,8.3
"Buckingham County, Virginia",105.58423275457531,0.0,23.463162834350072,11.731581417175036,70.38948850305022,850.53965274519,152.51055842327548,633.5053965274518,64.52369779446269,5.865790708587518,17048.0,0.769,0.114,0.753,0.753,0.175,46610.0,19702.0,1021.0,721.0,2.64,0.893,35.5,0.9715857011915674,0.06217738151102769,14.9
"Calvert County, Maryland",132.60128656124314,1.0958784013325882,15.342297618656234,13.150540815991054,103.01256972526329,1172.5898894258694,244.38088349716722,887.6615050793963,40.547500849305756,9.862905611993293,91251.0,0.938,0.301,0.8340000000000001,0.8340000000000001,0.06,100350.0,41469.0,2107.0,1612.0,2.87,0.885,41.9,0.9578213218199934,0.06321026618886369,9.9
"Campbell County, Virginia",203.81423788033192,10.918619886446354,27.296549716115884,14.558159848595135,151.04090842917455,1113.699228417528,189.2560780317368,871.6698209346339,52.773329451157366,0.0,54952.0,0.855,0.215,0.75,0.75,0.113,48823.0,26417.0,1124.0,747.0,2.42,0.89,25.3,0.8812809164280135,0.061599213859368174,9.5
"Caroline County, Maryland",51.750380517503814,0.0,6.088280060882799,3.0441400304413997,42.6179604261796,608.8280060882801,203.95738203957387,377.4733637747337,27.397260273972602,0.0,32850.0,0.833,0.166,0.7120000000000001,0.7120000000000001,0.138,52469.0,25355.0,1511.0,924.0,2.69,0.8740000000000001,32.1,0.943450942484292,0.05942161339421614,11.0
"Caroline County, Virginia",122.60587182715885,3.3136722115448336,49.70508317317251,9.941016634634504,59.646099807807005,1004.0426800980847,215.38869375041423,788.6539863476704,0.0,3.3136722115448336,30178.0,0.835,0.192,0.8009999999999999,0.8009999999999999,0.096,60925.0,28039.0,1400.0,996.0,2.57,0.838,35.6,1.4587525150905432,0.0960964941348002,11.8
"Carroll County, Maryland",59.64594169012741,1.1929188338025478,11.92918833802548,5.368134752111467,41.15569976618791,481.34274943932814,113.32728921124206,348.332299470344,19.683160757742048,0.0,167656.0,0.922,0.34600000000000003,0.818,0.818,0.05,90510.0,39690.0,2021.0,1131.0,2.71,0.916,35.6,0.994887525562372,0.040624850885145766,8.3
"Carroll County, Virginia",60.95289695574142,0.0,16.93136026548373,3.386272053096746,40.63526463716095,1147.9462259997968,287.83312451322337,717.8896752565101,142.2234262300633,13.545088212386984,29531.0,0.809,0.145,0.78,0.78,0.168,41145.0,23690.0,967.0,563.0,2.37,0.91,25.8,0.7466124661246613,0.037316718025126136,15.9
"Cecil County, Maryland",87.7167334288471,1.949260742863269,9.746303714316346,15.594085942906153,60.42708302876135,603.2961999161819,174.45883648626258,384.97899671549567,43.85836671442355,0.9746303714316346,102603.0,0.888,0.23,0.731,0.731,0.097,70516.0,32542.0,1742.0,1071.0,2.72,0.8959999999999999,29.3,0.8381523272214386,0.04633392785785991,9.9
"Charles City County, Virginia",42.42681374628765,0.0,0.0,0.0,42.42681374628765,410.125866214114,155.56498373638806,212.1340687314383,42.42681374628765,14.142271248762551,7071.0,0.7809999999999999,0.128,0.833,0.833,0.12,55069.0,32689.0,1256.0,885.0,2.42,0.929,32.7,0.6497890295358649,0.043558195446188656,13.9
"Charles County, Maryland",334.1682254842903,3.80457182714562,24.095621571922266,79.89600837005803,226.3720237151644,1461.5896769284425,218.12878475634886,1143.2738340572591,100.18705811483468,19.65695444025237,157705.0,0.927,0.285,0.773,0.773,0.075,93973.0,38890.0,2132.0,1618.0,2.79,0.894,43.9,0.8340170085042521,0.052858184585143145,10.8
"Charlotte County, Virginia",214.36227224008573,8.244702778464836,32.978811113859344,8.244702778464836,164.89405556929674,882.1831972957375,214.36227224008573,601.8633028279331,65.95762222771869,0.0,12129.0,0.8140000000000001,0.119,0.7120000000000001,0.7120000000000001,0.174,38350.0,19830.0,1078.0,600.0,2.67,0.915,31.4,0.8091603053435115,0.034957539780690904,9.3
"Chesterfield County, Virginia",138.34440973543477,2.6547967753068504,27.727877430982662,57.22561937883655,50.7361161503087,1930.922187906516,323.2952517484787,1503.2049296626346,104.42200649540277,16.22375807131964,339009.0,0.919,0.384,0.753,0.753,0.067,76969.0,35370.0,1537.0,1180.0,2.74,0.872,26.4,1.1546924910003549,0.06717815751204245,9.2
"Clarke County, Virginia",76.52706275219145,6.957005704744677,20.87101711423404,0.0,48.69903993321274,647.0015305412551,180.88214832336163,431.33435369417,34.785028523723376,0.0,14374.0,0.8690000000000001,0.315,0.75,0.75,0.067,72129.0,38658.0,1842.0,1031.0,2.54,0.905,35.6,0.9103330486763449,0.07416168081257826,10.4
"Craig County, Virginia",38.774718883288095,0.0,19.387359441644048,0.0,19.387359441644048,445.90926715781313,77.54943776657619,348.9724699495929,19.387359441644048,0.0,5158.0,0.906,0.192,0.74,0.74,0.117,53526.0,26753.0,1304.0,527.0,2.18,0.8909999999999999,37.6,1.6050955414012742,0.048856145792943,8.3
"Culpeper County, Virginia",53.910508555797385,0.0,3.9933710041331385,13.976798514465989,35.94033903719825,325.4597368368508,51.913823053730795,243.59563125212142,29.950282530998546,3.9933710041331385,50083.0,0.8490000000000001,0.234,0.7290000000000001,0.7290000000000001,0.099,69693.0,29979.0,1748.0,1092.0,2.87,0.878,39.7,0.8913492766459994,0.060279935307389725,8.8
"Cumberland County, Virginia",196.85039370078738,0.0,51.80273518441774,0.0,145.0476585163697,486.9457107335267,165.76875259013676,279.7347699958557,41.44218814753419,20.721094073767095,9652.0,0.815,0.16699999999999998,0.723,0.723,0.153,43020.0,23488.0,1221.0,818.0,2.46,0.95,40.7,0.7475149105367793,0.03895565685868214,13.2
"Dickenson County, Virginia",173.70390165686797,0.0,106.89470871191877,0.0,66.80919294494923,714.8583645109567,160.34206306787814,507.74986638161414,46.76643506146446,0.0,14968.0,0.745,0.093,0.76,0.76,0.25,29916.0,21082.0,895.0,569.0,2.42,0.945,29.6,0.7101449275362319,0.03273650454302512,10.1
"Dinwiddie County, Virginia",198.97669130187612,0.0,14.212620807276863,24.872086412734514,159.89198408186468,1076.6060261512223,202.5298465036953,763.9283683911315,110.14781125639568,0.0,28144.0,0.826,0.166,0.7709999999999999,0.7709999999999999,0.101,54640.0,25981.0,1306.0,945.0,2.64,0.871,29.2,0.7018722995679308,0.05194712905059693,13.6
"Dorchester County, Maryland",31.000062000124,3.1000062000124005,0.0,3.1000062000124005,24.8000496000992,629.3012586025171,170.500341000682,409.20081840163687,49.6000992001984,0.0,32258.0,0.853,0.201,0.6579999999999999,0.6579999999999999,0.157,50532.0,28911.0,1375.0,869.0,2.46,0.873,26.3,0.7455811462238886,0.04315208630417261,16.0
"Essex County, Virginia",44.951901465431995,0.0,8.9903802930864,0.0,35.9615211723456,566.393958464443,296.6825496718511,233.7498876202464,35.9615211723456,8.9903802930864,11123.0,0.826,0.189,0.705,0.705,0.136,50629.0,25730.0,1227.0,864.0,2.44,0.887,35.0,1.0093808630393997,0.04836824597680482,11.8
"Fairfax County, Virginia",92.38994881667094,1.756462905259904,15.193404130498168,40.48646996624078,34.95361181467209,1274.4016609113232,72.19062540618205,1130.810818406326,71.40021709881509,2.634694357889856,1138652.0,0.92,0.607,0.6779999999999999,0.6779999999999999,0.067,117515.0,52976.0,2568.0,1823.0,2.88,0.852,32.1,1.0576724045633528,0.0780826802218764,5.9
"Fauquier County, Virginia",55.01744632179415,0.0,11.58262027827245,2.8956550695681127,40.539170973953574,628.3571500962805,76.734859343555,508.1874647092038,43.4348260435217,1.4478275347840563,69069.0,0.914,0.353,0.784,0.784,0.057,94775.0,43067.0,2135.0,1229.0,2.84,0.901,39.8,0.9962476547842402,0.06150371367762673,7.5
"Floyd County, Virginia",139.85124912592968,0.0,69.92562456296484,0.0,69.92562456296484,673.8287457885704,203.41999872862502,432.26749729832807,38.14124976161719,0.0,15731.0,0.843,0.194,0.8079999999999999,0.8079999999999999,0.124,48396.0,25446.0,1070.0,611.0,2.41,0.935,31.6,1.2145214521452146,0.04678659970758376,7.6
"Fluvanna County, Virginia",114.19435879867537,0.0,11.419435879867535,11.419435879867535,91.35548703894028,700.3920672985422,121.80731605192035,532.9070077271516,45.67774351947013,15.225914506490044,26271.0,0.917,0.32299999999999995,0.8079999999999999,0.8079999999999999,0.067,67964.0,31952.0,1537.0,1252.0,2.54,0.88,33.4,1.2847915443335292,0.08328575235050055,14.4
"Franklin County, Virginia",131.98023863453957,0.0,30.31978455117801,7.1340669532183565,94.52638713014322,906.0265030587312,156.94947297080384,677.7363605557437,71.34066953218354,7.1340669532183565,56069.0,0.862,0.207,0.7929999999999999,0.7929999999999999,0.133,51208.0,27282.0,1181.0,660.0,2.36,0.88,30.2,1.2938564026646928,0.062351745171128424,11.8
"Frederick County, Maryland",74.72000193868115,0.4038919023712493,5.250594730826242,12.116757071137481,56.94875823434616,599.7794750213052,101.3768674951836,476.5924447980742,21.810162728047466,0.0,247591.0,0.926,0.405,0.748,0.748,0.067,88502.0,39566.0,1982.0,1338.0,2.68,0.882,35.0,0.9117566079295154,0.05349952138809569,8.0
"Frederick County, Virginia",80.54867864630837,2.3690787837149525,39.08979993129672,9.476315134859812,29.61348479643691,1190.4620888167635,190.7108420890537,926.3098044325463,73.44144229516353,2.3690787837149525,84421.0,0.882,0.277,0.775,0.775,0.067,71037.0,32554.0,1547.0,1121.0,2.71,0.883,31.1,0.8366726296958855,0.055400907357174164,10.5
"Garrett County, Maryland",152.93118096856415,0.0,3.398470688190314,0.0,149.53271028037383,812.2344944774852,156.32965165675446,635.5140186915887,20.390824129141887,3.398470688190314,29425.0,0.8909999999999999,0.196,0.775,0.775,0.118,48174.0,26303.0,1191.0,646.0,2.43,0.915,24.2,1.5461847389558232,0.03925233644859813,10.4
"Giles County, Virginia",53.390282968499726,0.0,5.9322536631666365,0.0,47.45802930533309,427.1222637479978,94.91605861066618,314.4094441478318,17.79676098949991,5.9322536631666365,16857.0,0.87,0.17,0.748,0.748,0.114,49734.0,25004.0,1002.0,683.0,2.36,0.8809999999999999,24.9,0.4811256005490734,0.041585098178798116,16.6
"Gloucester County, Virginia",99.42494760036543,2.6871607459558238,34.9330896974257,16.12296447573494,45.681732681248995,1346.2675337238672,163.9168055033052,1082.9257806201967,99.42494760036543,10.748642983823292,37214.0,0.898,0.228,0.772,0.772,0.098,63881.0,32271.0,1442.0,923.0,2.49,0.914,32.9,0.8547586829048264,0.05092169613586285,10.3
"Goochland County, Virginia",79.40709370037057,0.0,4.411505205576144,0.0,74.99558849479443,745.544379742368,92.641609317099,608.7877183695077,44.11505205576143,4.411505205576144,22668.0,0.913,0.389,0.87,0.87,0.061,86652.0,47610.0,1749.0,1096.0,2.54,0.89,31.1,0.7679362267493357,0.07649550026469032,7.3
"Grayson County, Virginia",112.53061494671343,13.238895876083937,39.71668762825181,6.619447938041969,52.95558350433575,1019.394982458463,139.00840669888132,807.57264844112,72.81392731846164,6.619447938041969,15107.0,0.8109999999999999,0.128,0.787,0.787,0.191,32048.0,20525.0,879.0,513.0,2.25,0.901,27.8,0.6629353233830846,0.035281657509763684,8.0
"Greene County, Virginia",113.57183418512207,0.0,10.324712198647463,41.29884879458985,61.94827319188479,929.2240978782717,87.76005368850343,805.3275514945021,36.13649269526612,10.324712198647463,19371.0,0.846,0.267,0.8059999999999999,0.8059999999999999,0.083,62952.0,30215.0,1532.0,957.0,2.63,0.923,31.2,0.7816362566215421,0.06855608899901915,5.6
"Greensville County, Virginia",76.88364941055869,0.0,17.085255424568597,42.713138561421495,17.085255424568597,837.1775158038612,222.10832051939175,546.7281735861951,68.34102169827439,8.542627712284299,11706.0,0.753,0.075,0.755,0.755,0.239,42121.0,16835.0,1024.0,769.0,2.33,0.7979999999999999,22.9,1.6639566395663956,0.1573552024602768,12.6
"Halifax County, Virginia",105.73845450388659,2.85779606767261,31.435756744398727,8.573388203017831,62.871513488797454,843.0498399634203,291.4951989026063,480.10973936899865,71.44490169181526,8.573388203017831,34992.0,0.797,0.159,0.726,0.726,0.179,39233.0,21155.0,985.0,595.0,2.43,0.933,25.3,0.949685534591195,0.03452217649748514,17.3
"Hanover County, Virginia",93.87692543489922,3.8317112422407855,19.158556211203926,9.57927810560196,61.30737987585257,1007.7400567093263,66.09701892865354,882.2515135259407,59.39152425473216,8.621350295041765,104392.0,0.929,0.379,0.813,0.813,0.054000000000000006,84955.0,37924.0,1723.0,1113.0,2.65,0.894,26.1,1.1270999490921432,0.06362556517740824,10.5
"Harford County, Maryland",152.9685458427611,2.3901335287931422,9.560534115172569,32.26680263870741,108.75107556008793,968.0040791612224,180.45508142388226,762.8509512731446,24.6980464641958,0.0,251032.0,0.929,0.35200000000000004,0.7859999999999999,0.7859999999999999,0.071,83445.0,37972.0,1812.0,1197.0,2.67,0.893,32.1,1.0884657511163536,0.05146355843079767,9.4
"Henrico County, Virginia",185.6043319928576,4.900444409052347,11.944833247065091,62.17438843985164,106.58466589688852,2472.274204366909,351.30060857394005,1972.1225968680035,148.850998924965,6.738111062446977,326501.0,0.912,0.421,0.629,0.629,0.095,66447.0,36497.0,1541.0,1095.0,2.55,0.845,22.3,1.2410538535305102,0.07531064223386759,8.5
"Henry County, Virginia",221.59587909417823,5.831470502478376,40.820293517348624,56.370881523957635,118.5732335503936,2530.858198075615,526.7761687238799,1858.2952667897755,145.7867625619594,29.157352512391878,51445.0,0.7979999999999999,0.128,0.732,0.732,0.162,36779.0,21473.0,916.0,586.0,2.31,0.893,23.6,1.3283310595725328,0.056779084459131116,17.5
"Highland County, Virginia",180.50541516245488,0.0,0.0,0.0,180.50541516245488,1083.0324909747294,270.75812274368235,767.1480144404331,45.12635379061372,0.0,2216.0,0.845,0.25,0.855,0.855,0.125,45094.0,32648.0,1104.0,555.0,1.9,0.973,22.5,4.064516129032258,0.05685920577617329,11.2
"Howard County, Maryland",224.44071077094756,1.8913543042495575,20.80489734674514,63.36036919236019,138.38408992759267,1740.676411344343,264.78960259493806,1380.3734163848026,95.51339236460268,0.9456771521247788,317233.0,0.953,0.612,0.737,0.737,0.059,115576.0,51045.0,2476.0,1661.0,2.79,0.8759999999999999,30.9,1.0031020482642214,0.06931498299357254,8.0
"Isle of Wight County, Virginia",84.7087113345721,0.0,16.395234451852662,8.197617225926331,60.1158596567931,819.7617225926331,172.1499617444529,609.3562137938573,38.25554705432288,16.395234451852662,36596.0,0.8759999999999999,0.269,0.773,0.773,0.085,67767.0,33172.0,1701.0,1018.0,2.53,0.895,29.2,0.8757741347905282,0.065690239370423,
"James City County, Virginia",120.9612386430837,1.3440137627009299,22.84823396591581,16.12816515241116,80.6408257620558,1536.2077307671634,165.31369281221438,1337.2936938874254,33.60034406752325,2.6880275254018597,74404.0,0.943,0.479,0.743,0.743,0.068,80772.0,42047.0,1752.0,1202.0,2.53,0.848,25.0,1.29000546149645,0.0952368152249879,7.4
"Kent County, Maryland",40.547389761784075,0.0,5.068423720223009,15.205271160669033,20.273694880892037,658.8950836289914,268.6264571718196,380.13177901672583,10.136847440446019,0.0,19730.0,0.873,0.332,0.701,0.701,0.128,56638.0,32217.0,1641.0,938.0,2.37,0.86,26.7,1.0614886731391586,0.08312214901165738,8.6
"King George County, Virginia",96.21305418719211,0.0,38.485221674876854,7.697044334975369,50.03078817733991,1012.1613300492613,103.91009852216749,846.6748768472906,61.57635467980296,0.0,25984.0,0.938,0.342,0.7559999999999999,0.7559999999999999,0.068,84770.0,35676.0,1894.0,1178.0,2.83,0.8540000000000001,37.1,0.9938032532920216,0.098753078817734,12.4
"King William County, Virginia",67.34419003305986,6.122199093914534,6.122199093914534,6.122199093914534,48.97759275131627,483.6537284192482,55.0997918452308,416.30953838618836,12.244398187829068,0.0,16334.0,0.8959999999999999,0.19,0.861,0.861,0.068,67423.0,31192.0,1434.0,1094.0,2.68,0.921,37.4,1.3399778516057586,0.07407860903636586,13.7
"King and Queen County, Virginia",251.43176421287887,13.968431345159939,41.90529403547981,27.936862690319877,167.62117614191925,698.4215672579968,265.40019555803883,377.1476463193183,55.873725380639755,0.0,7159.0,0.855,0.189,0.787,0.787,0.123,51495.0,25831.0,1191.0,845.0,2.51,0.944,34.6,1.0083333333333333,0.050705405782930583,
"Lancaster County, Virginia",118.48341232227487,0.0,72.91286912139992,0.0,45.57054320087496,984.3237331388989,246.08093328472472,665.3299307327743,72.91286912139992,18.22821728034998,10972.0,0.901,0.319,0.732,0.732,0.129,51495.0,33997.0,1445.0,817.0,2.11,0.887,26.7,0.6683621566632757,0.05987969376594969,9.0
"Lee County, Virginia",62.03730509946648,0.0,20.679101699822162,0.0,41.358203399644324,1220.0670002895074,74.44476611935978,1141.4864138301832,4.1358203399644315,8.271640679928865,24179.0,0.746,0.111,0.7190000000000001,0.7190000000000001,0.282,32590.0,18514.0,898.0,530.0,2.47,0.879,29.8,1.0,0.046279829604202,14.7
"Loudoun County, Virginia",87.05903690940418,0.5182085530321678,29.53788752283357,11.91879671973986,45.0841441137986,685.8490199380741,50.78443819715243,599.8264001347343,35.2381816061874,8.550441125030769,385945.0,0.935,0.598,0.779,0.779,0.03,129588.0,50456.0,2664.0,1764.0,3.07,0.865,33.7,1.1883820005325283,0.0693855342082421,6.6
"Louisa County, Virginia",161.7663752979907,5.6760131683505515,31.218072425928032,11.3520263367011,113.520263367011,1007.4923373822228,110.68225678283574,831.5359291633557,65.27415143603133,5.6760131683505515,35236.0,0.846,0.232,0.797,0.797,0.108,56946.0,30237.0,1424.0,932.0,2.58,0.8740000000000001,36.3,1.191054665930425,0.06121580202066069,11.5
"Lunenburg County, Virginia",40.73983541106494,0.0,16.295934164425972,0.0,24.443901246638962,439.99022243950134,130.36747331540778,268.8829137130286,40.73983541106494,8.147967082212986,12273.0,0.763,0.106,0.72,0.72,0.205,39537.0,18555.0,987.0,676.0,2.55,0.94,29.1,1.0592592592592591,0.04660637171025829,7.4
"Madison County, Virginia",84.11072029362288,0.0,22.93928735280624,7.646429117602079,53.52500382321456,756.9964826426059,61.17143294081664,634.6536167609728,61.17143294081664,0.0,13078.0,0.87,0.269,0.7340000000000001,0.7340000000000001,0.113,52287.0,29705.0,1524.0,742.0,2.52,0.867,30.5,0.7734887108521485,0.0812050772289341,9.7
"Mathews County, Virginia",45.547711227510824,11.386927806877706,0.0,0.0,34.16078342063312,831.2457299020724,273.2862673650649,523.7986791163744,34.16078342063312,0.0,8782.0,0.914,0.269,0.862,0.862,0.097,63622.0,35252.0,1204.0,924.0,2.32,0.8859999999999999,32.5,0.643661971830986,0.05203826007743111,4.1
"Mecklenburg County, Virginia",103.5866891104493,6.474168069403081,35.607924381716956,12.948336138806162,48.55626052052311,708.9214035996374,271.91505891492943,394.92425223358805,42.08209245112003,3.2370840347015406,30892.0,0.816,0.182,0.722,0.722,0.175,41126.0,22970.0,1025.0,690.0,2.54,0.925,24.7,0.8407643312101911,0.042729509258060336,15.7
"Middlesex County, Virginia",120.6160697717573,0.0,74.2252737056968,9.2781592132121,37.1126368528484,1150.4917424383004,213.39766190387826,844.3124884023009,92.78159213212099,18.5563184264242,10778.0,0.8809999999999999,0.221,0.809,0.809,0.136,50483.0,29871.0,1564.0,793.0,2.28,0.899,31.0,1.0234948604992655,0.06466876971608833,6.4
"Montgomery County, Maryland",167.55072265230208,1.3411721653128812,31.709141908468837,63.130889781513474,71.36951879700689,1443.2928459002762,177.70531190395675,1185.4045981129707,80.18293588334869,5.9394767320999025,1043863.0,0.911,0.583,0.6559999999999999,0.6559999999999999,0.07,103178.0,51162.0,2460.0,1693.0,2.79,0.8540000000000001,34.7,1.1994651648779795,0.06488303541748294,7.0
"Montgomery County, Virginia",45.638019512788794,1.0141782113953064,13.184316748138983,2.0283564227906132,29.411168130463885,307.2959980527778,63.8932273179043,215.0057808158049,28.39698991906858,2.0283564227906132,98602.0,0.92,0.463,0.5489999999999999,0.5489999999999999,0.23,53424.0,28277.0,1400.0,936.0,2.49,0.738,18.7,1.6888181925297514,0.14536216303928925,8.1
"Nelson County, Virginia",161.40964422624253,6.725401842760106,47.077812899320726,6.725401842760106,100.88102764140156,1062.6134911560966,201.76205528280315,800.3228192884526,60.528616584840954,20.17620552828032,14869.0,0.857,0.308,0.718,0.718,0.132,53834.0,33597.0,1366.0,688.0,2.26,0.918,31.2,1.2035541195476576,0.05010424372856278,4.0
"New Kent County, Virginia",61.4744408190287,0.0,28.372818839551712,0.0,33.101621979476995,1253.1328320802004,212.79614129663784,983.5910531044592,56.745637679103424,9.457606279850573,21147.0,0.926,0.269,0.818,0.818,0.055,78429.0,36768.0,1621.0,882.0,2.64,0.863,33.4,1.9798245614035088,0.10672908686811368,7.5
"Northampton County, Virginia",65.90328692643546,24.713732597413298,0.0,16.475821731608864,24.713732597413298,733.1740670565946,255.37523683993737,444.8471867534393,32.95164346321773,0.0,12139.0,0.8109999999999999,0.232,0.6459999999999999,0.6459999999999999,0.18600000000000005,41468.0,24835.0,1200.0,713.0,2.26,0.939,20.3,0.5215189873417722,0.03394019276711426,11.4
"Northumberland County, Virginia",180.00327278677793,0.0,49.091801669121246,16.363933889707088,114.5475372279496,826.3786614302078,278.1868761250205,523.6458844706267,24.545900834560623,8.181966944853544,12222.0,0.907,0.264,0.852,0.852,0.14400000000000002,56677.0,33364.0,1427.0,754.0,2.12,0.905,27.5,2.402135231316726,0.05522827687776141,7.9
"Nottoway County, Virginia",38.473869830073745,12.824623276691248,6.412311638345624,0.0,19.236934915036873,429.6248797691568,76.94773966014749,327.0278935556268,25.649246553382497,6.412311638345624,15595.0,0.7659999999999999,0.13699999999999998,0.589,0.589,0.221,38410.0,19452.0,1129.0,780.0,2.44,0.884,25.4,0.9925474254742548,0.0939403655017634,20.6
"Orange County, Virginia",59.09999155714407,0.0,16.88571187346973,5.62857062448991,36.58570905918441,590.9999155714406,121.01426842653306,439.0285087102129,30.95713843469451,0.0,35533.0,0.8859999999999999,0.256,0.773,0.773,0.091,67196.0,30660.0,1522.0,918.0,2.58,0.8759999999999999,39.3,1.0113469985358712,0.07775870317732812,12.2
"Page County, Virginia",109.917984273273,21.138073898706352,46.50376257715397,4.2276147797412715,38.048533017671424,634.1422169611905,164.87697640990953,426.98909275386825,42.276147797412705,21.138073898706352,23654.0,0.81,0.132,0.6890000000000001,0.6890000000000001,0.154,46140.0,24057.0,1156.0,734.0,2.48,0.866,33.8,0.7023622047244095,0.03771032383529213,19.9
"Patrick County, Virginia",184.12096189254032,5.579423087652737,50.214807788874644,33.476538525916425,94.85019249009652,1272.108463984824,189.70038498019304,987.5578865145343,94.85019249009652,11.158846175305474,17923.0,0.787,0.14300000000000002,0.77,0.77,0.145,37757.0,21785.0,1014.0,544.0,2.29,0.858,28.0,1.669281045751634,0.07124923282932545,13.5
"Pittsylvania County, Virginia",74.57000664645713,3.2421742020198745,27.558480717168933,3.2421742020198745,40.527177525248426,594.938966070647,189.66719081816262,372.8500332322856,32.42174202019875,19.453045212119246,61687.0,0.8240000000000001,0.141,0.752,0.752,0.126,44356.0,23597.0,991.0,667.0,2.28,0.894,25.1,1.1036777583187392,0.051080454552823125,9.9
"Powhatan County, Virginia",63.28446366417045,3.515803536898358,24.610624758288512,7.031607073796716,28.126428295186862,738.3187427486553,108.98990964384909,562.5285659037373,66.80026720106879,7.031607073796716,28443.0,0.908,0.284,0.898,0.898,0.054000000000000006,80441.0,33807.0,1552.0,983.0,2.58,0.8959999999999999,31.8,1.2930306230200634,0.08610202861864079,15.4
"Prince Edward County, Virginia",51.85377236193933,0.0,17.284590787313107,4.3211476968282785,30.248033877797948,375.9398496240601,90.74410163339384,263.59000950652495,21.605738484141387,4.3211476968282785,23142.0,0.826,0.249,0.649,0.649,0.234,44147.0,19751.0,1176.0,764.0,2.52,0.871,21.4,1.0804179918218992,0.10275689223057644,13.5
"Prince George County, Virginia",105.69427929713305,0.0,18.496498876998285,34.35064077156824,52.84713964856653,1006.7380103051922,179.68027480512615,771.5682388690713,55.48949663099486,2.6423569824283257,37845.0,0.8959999999999999,0.23,0.682,0.682,0.107,68461.0,27970.0,1423.0,1295.0,2.98,0.8240000000000001,25.7,1.1456762749445677,0.1365305852820716,11.5
"Prince George's County, Maryland",1.1012621565576308,0.0,0.0,0.0,1.1012621565576308,0.11012621565576307,0.0,0.11012621565576307,0.0,0.0,908049.0,0.861,0.319,0.618,0.618,0.086,78607.0,34391.0,1990.0,1385.0,2.89,0.853,36.9,1.1556918375353609,0.061636541640374035,
"Prince William County, Virginia",185.18925331165838,4.832934250126315,18.23334285274928,50.52613079677512,111.59684541200764,1133.3230816546209,120.6036774236067,940.2253904791196,72.49401375189473,2.1967882955119613,455210.0,0.888,0.398,0.725,0.725,0.061,101059.0,38225.0,2217.0,1620.0,3.21,0.8540000000000001,39.1,0.9947817304455168,0.07789371938226314,9.2
"Pulaski County, Virginia",140.33856679238662,5.847440283016111,17.542320849048327,8.771160424524162,108.17764523579801,1774.698125895389,233.89761132064442,1508.6395930181563,32.160921556588605,11.694880566032221,34203.0,0.8540000000000001,0.185,0.728,0.728,0.14800000000000002,49691.0,26328.0,1052.0,641.0,2.28,0.867,22.8,1.037231253277399,0.057831184399029324,11.8
"Queen Anne's County, Maryland",147.15199574894234,0.0,12.262666312411866,22.481554906088416,112.40777453044208,964.6630832430664,216.64043818594288,725.5410901510353,22.481554906088416,8.175110874941241,48929.0,0.919,0.353,0.8109999999999999,0.8109999999999999,0.077,89241.0,40553.0,2102.0,1325.0,2.7,0.878,36.2,1.4079968944099381,0.0741278178585297,
"Rappahannock County, Virginia",13.535462912831619,0.0,13.535462912831619,0.0,0.0,365.4574986464537,121.81916621548456,243.63833243096917,0.0,0.0,7388.0,0.8859999999999999,0.336,0.752,0.752,0.08900000000000001,62541.0,38185.0,1874.0,1056.0,2.34,0.928,37.9,0.8743455497382199,0.0452084461288576,6.5
"Richmond County, Virginia",102.57579211306131,0.0,11.397310234784591,0.0,91.17848187827671,490.08434009573756,136.7677228174151,296.3300661043993,56.98655117392296,0.0,8774.0,0.805,0.134,0.7190000000000001,0.7190000000000001,0.184,47341.0,19728.0,1129.0,816.0,2.2,0.873,24.7,1.5682967959527825,0.10599498518349668,13.4
"Roanoke County, Virginia",177.60100392423774,1.0634790654145974,26.586976635364927,12.761748784975168,137.18879943848304,1242.1435484042495,179.72796205506694,1018.8129446671844,43.60264168199849,1.0634790654145974,94031.0,0.921,0.34700000000000003,0.748,0.748,0.073,62134.0,33717.0,1314.0,907.0,2.37,0.873,22.4,1.1048473486877344,0.08774765768735843,9.1
"Rockbridge County, Virginia",102.71525544837442,0.0,26.79528403001072,0.0,75.9199714183637,1058.4137191854234,200.9646302250804,790.4608788853163,66.9882100750268,8.931761343336904,22392.0,0.857,0.258,0.769,0.769,0.126,53918.0,31534.0,1267.0,742.0,2.43,0.8809999999999999,23.5,0.9537157757496741,0.06533583422650947,10.0
"Rockingham County, Virginia",87.78089887640448,1.2540128410914928,33.858346709470304,6.270064205457463,46.39847512038525,453.9526484751204,145.46548956661317,299.7090690208668,8.77808988764045,6.270064205457463,79744.0,0.825,0.248,0.733,0.733,0.084,57651.0,28884.0,1307.0,848.0,2.52,0.88,21.7,0.7474061497830597,0.049683988764044944,8.5
"Russell County, Virginia",127.8772378516624,3.653635367190353,43.843624406284256,3.653635367190353,76.72634271099744,719.7661673364997,281.3299232736573,398.2462550237487,40.1899890390939,14.614541468761413,27370.0,0.7879999999999999,0.136,0.779,0.779,0.202,40083.0,21673.0,954.0,544.0,2.45,0.917,28.1,0.9515384615384616,0.04519546949214468,16.6
"Scott County, Virginia",72.9594163246694,4.559963520291838,31.91974464204286,0.0,36.4797081623347,807.1135430916553,150.4787961696306,574.5554035567716,82.07934336525308,9.119927040583676,21930.0,0.799,0.133,0.772,0.772,0.17600000000000002,38725.0,20969.0,894.0,529.0,2.4,0.884,28.2,0.9916512059369202,0.048746010031919744,14.3
"Shenandoah County, Virginia",94.96236247828604,2.3161551823972206,37.05848291835553,0.0,55.58772437753329,530.3995367689636,141.28546612623046,377.53329473074695,11.580775911986105,2.3161551823972206,43175.0,0.86,0.192,0.6970000000000001,0.6970000000000001,0.095,53934.0,27016.0,1341.0,831.0,2.46,0.838,31.0,2.0689851767388827,0.08405327156919512,13.0
"Smyth County, Virginia",96.58103148541626,3.2193677161805425,28.97430944562488,3.2193677161805425,61.167986607430315,833.8162384907604,183.5039598222909,605.2411306419419,45.071148026527595,16.096838580902713,31062.0,0.83,0.145,0.703,0.703,0.177,40544.0,22319.0,912.0,598.0,2.39,0.895,22.0,0.9014647137150466,0.04359023887708454,12.8
"Somerset County, Maryland",92.5640234495526,0.0,7.713668620796049,3.8568343103980247,80.99352051835855,200.55538414069733,57.85251465597038,134.98920086393088,7.713668620796049,0.0,25928.0,0.818,0.14400000000000002,0.6459999999999999,0.6459999999999999,0.247,39239.0,18395.0,1232.0,673.0,2.36,0.825,24.9,2.027011156782149,0.13313792039493982,12.3
"Southampton County, Virginia",127.37442543058093,22.15207398792712,33.22811098189068,22.15207398792712,49.84216647283603,947.0011629838845,265.82488785512544,614.7200531649777,66.45622196378136,27.6900924849089,18057.0,0.83,0.19,0.716,0.716,0.147,53681.0,25784.0,1251.0,724.0,2.49,0.887,31.0,0.6694966646452395,0.06113972420667885,13.8
"Spotsylvania County, Virginia",171.9566699492463,2.2725551094614045,26.513142943716378,40.90599197030528,102.2649799257632,1282.4786001060527,146.2010453753503,1072.646011665783,63.63154306491932,0.7575183698204682,132010.0,0.899,0.304,0.774,0.774,0.069,81434.0,33859.0,1711.0,1400.0,3.0,0.877,38.2,1.121800731261426,0.07437315354897356,10.3
"St. Mary's County, Maryland",179.4168065584837,1.7764040253315216,18.652242265980973,24.8696563546413,134.11850391252986,1611.19845097569,335.74036078765755,1218.6131613774235,56.84492881060869,1.7764040253315216,112587.0,0.897,0.304,0.7190000000000001,0.7190000000000001,0.085,86508.0,37528.0,1931.0,1288.0,2.75,0.862,30.9,1.3490658800393314,0.07311678968264543,
"Stafford County, Virginia",213.35402220821416,3.463539321561917,31.864561758369646,25.630190979558197,152.3957301487244,1256.5720658626635,114.29679761154327,1088.936762699067,53.33850555205354,8.312494371748603,144361.0,0.937,0.387,0.758,0.758,0.046,103005.0,39158.0,2136.0,1481.0,3.04,0.8370000000000001,40.9,1.3211067193675892,0.11576533828388555,7.3
"Surry County, Virginia",244.49877750611248,0.0,15.28117359413203,30.56234718826406,198.6552567237164,779.3398533007337,275.06112469437653,443.1540342298288,61.12469437652812,0.0,6544.0,0.8390000000000001,0.191,0.7609999999999999,0.7609999999999999,0.128,54656.0,27162.0,1258.0,920.0,2.41,0.93,39.3,0.4377224199288256,0.037591687041564785,11.8
"Sussex County, Virginia",78.2336578581363,0.0,8.692628650904034,17.385257301808068,52.1557719054242,669.3324061196106,165.15994436717662,478.09457579972184,26.0778859527121,8.692628650904034,11504.0,0.733,0.117,0.7070000000000001,0.7070000000000001,0.224,44608.0,15882.0,1163.0,837.0,2.05,0.7759999999999999,33.7,1.6660633484162897,0.16003129346314324,9.8
"Talbot County, Maryland",59.016041633134826,0.0,29.508020816567413,0.0,29.508020816567413,469.4457857181179,147.54010408283702,319.2231342883202,2.682547346960674,2.682547346960674,37278.0,0.895,0.374,0.703,0.703,0.091,65595.0,44785.0,1758.0,1084.0,2.25,0.878,26.6,1.2280019445794847,0.06776114598422663,8.8
"Tazewell County, Virginia",99.64412811387899,2.372479240806643,40.33214709371293,4.744958481613286,52.194543297746144,894.4246737841045,180.3084223013049,671.41162514828,42.704626334519574,18.979833926453143,42150.0,0.797,0.152,0.768,0.768,0.181,40309.0,24325.0,990.0,622.0,2.38,0.8959999999999999,23.9,0.939167056621432,0.047615658362989324,11.9
"Warren County, Virginia",51.07904482186183,0.0,28.09347465202401,0.0,22.98557016983782,564.4234452815732,61.294853786234206,457.15745115566335,45.97114033967564,2.5539522410930915,39155.0,0.861,0.209,0.767,0.767,0.093,65353.0,30009.0,1463.0,940.0,2.69,0.884,40.7,1.179132920438304,0.06321031796705402,13.7
"Washington County, Maryland",128.41668219199957,0.0,4.6575998722486895,23.287999361243447,100.47108295850744,1145.1041971628565,276.7945066936364,799.1110637958107,69.1986266734091,2.661485641284965,150292.0,0.87,0.215,0.645,0.645,0.133,58260.0,28742.0,1513.0,889.0,2.51,0.857,29.3,1.1087308506663345,0.0592313629467969,12.0
"Washington County, Virginia",123.58431401483013,1.8445420002213448,27.668130003320176,5.533626000664035,88.53801601062456,1322.5366141587044,272.9922160327591,957.3172981148782,92.22710001106724,3.6890840004426897,54214.0,0.846,0.234,0.7559999999999999,0.7559999999999999,0.139,44844.0,25640.0,1042.0,644.0,2.36,0.87,24.0,1.2533692722371967,0.07719408270926327,15.6
"Westmoreland County, Virginia",56.84402000909505,0.0,0.0,0.0,56.84402000909505,613.9154160982265,153.47885402455663,449.0677580718509,11.368804001819008,0.0,17592.0,0.8640000000000001,0.211,0.768,0.768,0.155,55688.0,32265.0,1455.0,961.0,2.36,0.8859999999999999,41.5,1.1115843270868824,0.07418144611186903,13.8
"Wicomico County, Maryland",102.36212796240874,0.9748774091657972,5.849264454994785,23.39705781997914,72.140928278269,627.8210515027735,167.67891437651716,430.89581485128235,29.24632227497392,1.9497548183315947,102577.0,0.8859999999999999,0.278,0.607,0.607,0.15,54493.0,27755.0,1370.0,1042.0,2.62,0.809,21.2,1.41623080816602,0.08183120972537704,10.6
"Wise County, Virginia",122.3615784643622,2.549199551340879,86.67278474558987,0.0,33.139594167431426,723.9726725808097,127.45997756704395,550.6271030896298,45.88559192413582,10.196798205363516,39228.0,0.7559999999999999,0.139,0.6920000000000001,0.6920000000000001,0.233,38255.0,21694.0,965.0,634.0,2.42,0.877,22.4,0.6209631728045326,0.05587845416539207,16.0
"Worcester County, Maryland",25.27019671876215,3.887722572117253,3.887722572117253,9.719306430293134,7.775445144234506,484.0214602285981,122.4632610216935,346.00730891843557,15.550890288469011,0.0,51444.0,0.901,0.301,0.7440000000000001,0.7440000000000001,0.099,59458.0,34425.0,1624.0,994.0,2.4,0.8740000000000001,24.3,0.8758152882859379,0.0652554233729881,9.3
"Wythe County, Virginia",55.141990625861595,0.0,10.339123242349046,3.4463744141163497,41.356492969396186,513.5097877033361,75.82023711055969,368.76206231044944,68.92748828232699,0.0,29016.0,0.8340000000000001,0.183,0.76,0.76,0.138,46119.0,24879.0,1036.0,635.0,2.42,0.916,23.4,0.9296740994854202,0.03735869864902123,10.6
"York County, Virginia",180.9462163116394,5.884429798752501,50.01765328939625,50.01765328939625,75.02647993409437,1866.8353536542306,183.88843121101561,1618.2181946569378,64.7287277862775,10.297752147816878,67976.0,0.941,0.436,0.721,0.721,0.05,86781.0,38193.0,1858.0,1458.0,2.72,0.833,21.9,1.132603752131893,0.1172325526656467,7.6
